,text,place,uri,collector,area,lat,lon,emotion,missing_emotion,theme,missing_theme
17124,Τέθοια βούδια τρών οι λύκοι,"Νάξος, Απείρανθος",http://hdl.handle.net/20.500.11853/188716,"Ζευγώλη – Γλέζου, Διαλεχτή",Νάξος,37.06001045,25.47075671,ειρωνία,,εμπαιγμός,
61963,"Πρώτου μάζομα, δέυτιρου ζιτίναγμα","Μακεδονία, Σιάτιστα",http://hdl.handle.net/20.500.11853/277744,"Λαζάρου, Αν.",Μακεδονία,40.686024,23.6934342,ΑΠΟΥΣΙΑ,,διδαχή,
38928,Κάθε ξύλο τον έχει τον καπνό του,"Αρκαδία, Δημητσάνα",http://hdl.handle.net/20.500.11853/270075,"Κανδηλώρος, Τάκης Χ.",Αρκαδία,38.0368583,23.6689264,εγρήγορση,,προειδοποίηση,
111076,Σαν κάμη ο Μάρτης δυό νερά κι' Απρίλης άλλον ένα χαρά ς' το ζευγολαλητή πούχει ς' τη γη σπαρμένα,"Κρήτη, Μυλοπόταμος, Πρινέ",http://hdl.handle.net/20.500.11853/278876,"Σταυρακάκης, Ιωάννης",Κρήτη,35.3084952,24.46334232,εγρήγορση,,,
83373,"Έλαμψεν η χάρις σου, Κύριε",Λακωνία,http://hdl.handle.net/20.500.11853/275247,"Νεστορίδης, Κ.",Λακωνία,36.76027945,22.79046431,ευγνωμοσύνη,,,
67875,"Τ' Αυγούστου και του Γεναριού, τα δυό καλά φεγγάρια",Κεφαλληνία,http://hdl.handle.net/20.500.11853/187948,"Λουκάτος, Δημήτριος Σ.",Κεφαλληνία,38.2379344,20.560883,ΑΠΟΥΣΙΑ,,,Ουδέτερο
41258,"Κατά μάννα, κατά κιούρη, κατά τέκνον και παιδί","Νάξος, Απείρανθος",http://hdl.handle.net/20.500.11853/202304,"Καραπάτη, Ειρήνη",Νάξος,37.06001045,25.47075671,ειρωνία,,εμπαιγμός,
33592,"Ο παππάς σε θυμιατιζη, μ' αν ο άνεμος τον πάει άλλουθε τον καπνό (τι λιβαινό)",Επτάνησος,http://hdl.handle.net/20.500.11853/255275,"Καββαδίας, Γεώργιος",Επτάνησος,38.8351105,20.7094392,επαγρύπνηση,,,
103968,"Για παπάς, για ζευγάς",Μακεδονία,http://hdl.handle.net/20.500.11853/262190,"Πρώιος, Ιωάννης",Μακεδονία,40.686024,23.6934342,,θαυμασμός,,
115875,Σαν θέλ' η νύφ' κι η γαμπρός μπομπή κ' τα συμπεθέρια,"Μικρά Ασία, Κύζικος, Αρτάκη",http://hdl.handle.net/20.500.11853/165103,"Φιλανθίδης, Μενέλαος Π.",Μικρά Ασία,38.1846366,23.5122768,απαξίωση,,,
4045,Τη Κουκουλίτ' ο γάμον,Πόντος,http://hdl.handle.net/20.500.11853/141152,"Βαλαβάνης, Ι.",Πόντος,40.0850088,23.9775837,ΑΠΟΥΣΙΑ,,,
106604,Σε ξένο κώλο ραβδιαίς δεμ πονάνε,"Αρκαδία, Γορτυνία",http://hdl.handle.net/20.500.11853/206681,"Σακελλαριάδης, Χ.",Αρκαδία,38.0368583,23.6689264,ΑΠΟΥΣΙΑ,,νουθεσία,
5355,Βάνει κ' η κοσκινού τον άντρα της με τους πραματευτάδες,Κεφαλληνία,http://hdl.handle.net/20.500.11853/259148,"Βεργωτής, Π.",Κεφαλληνία,38.2379344,20.560883,απαξίωση,,εμπαιγμός,
66777,"Ξάστερος ο ουρανός, αστραπές δε φοβάται","Κεφαλληνία, Λειβαθώ",http://hdl.handle.net/20.500.11853/287385,"Λουκάτος, Δημήτριος Σ.",Κεφαλληνία,38.2379344,20.560883,,αυτοπεποίθηση,,
96783,Του γινάτ' βγάζ' του μάτ',"Μακεδονία, Ρουμλούκι",http://hdl.handle.net/20.500.11853/190957,"Παπαθανασίου, Θεόδωρος",Μακεδονία,40.686024,23.6934342,ΑΠΟΥΣΙΑ,,προειδοποίηση,
69586,Η μυίγα σφίγγ' του γάϊδαρου κι περνάει του μλάρ',Αιτωλία,http://hdl.handle.net/20.500.11853/284671,"Λουκόπουλος, Δημήτριος",Αιτωλία,37.4204248,24.9479564,ειρωνία,,,
106511,Ο παππάς παππά δε θέλει,"Αρκαδία, Γορτυνία",http://hdl.handle.net/20.500.11853/252869,"Σακελλαριάδης, Χ.",Αρκαδία,38.0368583,23.6689264,ΑΠΟΥΣΙΑ,,,
29694,"Άλλοτα στο κουτσογαϊδουρο, που ναν κουτσός κι ο αφέντης του!",Επτάνησος,http://hdl.handle.net/20.500.11853/272247,"Καββαδίας, Γεώργιος",Επτάνησος,38.8351105,20.7094392,μνησικακία,,,
115356,Αλλού τ' όνειρο τσ' αλλού το θάμα,"Εύβοια, Κονίστρα",http://hdl.handle.net/20.500.11853/159018,"Φάβης, Β.",Εύβοια,38.49417235,23.9110844,ειρωνία,,,
44090,"Πέντε αφράτα στο κατρίνι και δεν έχης το κατρίνι, στέκα τήραζε τ΄ αφράτα",Επτάνησος,http://hdl.handle.net/20.500.11853/163612,"Κολλυβά – Χατζημιχάλη, Αγγελική",Επτάνησος,38.8351105,20.7094392,ανησυχία,,,
16050,Μισή οκά πάχος φέρνει εκατό δράμια ομορφιά,"Νάξος, Απείρανθος",http://hdl.handle.net/20.500.11853/245400,"Ζευγώλη – Γλέζου, Διαλεχτή",Νάξος,37.06001045,25.47075671,ΑΠΟΥΣΙΑ,,διδαχή,
65183,Άξιο το προσκύνημά σου,"Λέσβος, Πέτρα",http://hdl.handle.net/20.500.11853/262044,"Λουκάτος, Δημήτριος Σ.",Λέσβος,39.17584185,25.99891345,ΑΠΟΥΣΙΑ,,εμπαιγμός,
58229,Ο άντρας μου ένι σαντάλιν τζαί μαντάλιν,Κύπρος,http://hdl.handle.net/20.500.11853/194505,"Κυριαζής, Νίκος Γ.",Κύπρος,34.9823018,33.1451285,ειρωνία,,,
109868,"Κάλλιο να ξέρ'ς, παρά νάχ'ς",Ανατολική Θράκη,http://hdl.handle.net/20.500.11853/230863,"Σταμούλη – Σαραντή, Ελπινίκη",Ανατολική Θράκη,41.6759327,26.5587225,ΑΠΟΥΣΙΑ,,εμπαιγμός,
49686,Με πορδαίς αυγά δε βάφουν,"Αχαΐα, Πάτρα",http://hdl.handle.net/20.500.11853/253462,"Κορύλλος, Χρήστος Π.",Αχαΐα,38.0692748,21.87273042,"απαξίωση, ειρωνία",,,
75917,Κάπου κ' κάπου να βρεθή κάπου και που να λάχη,Κάρπαθος,http://hdl.handle.net/20.500.11853/205060,"Μανωλακάκης, Εμμανουήλ",Κάρπαθος,35.6136611,27.11925669,,Δεν γνωρίζω,,
110644,"Σωπασμένο στόμα, ήσυχο κεφάλι",Ανατολική Θράκη,http://hdl.handle.net/20.500.11853/245934,"Σταμούλη – Σαραντή, Ελπινίκη",Ανατολική Θράκη,41.6759327,26.5587225,ΑΠΟΥΣΙΑ,,συμβουλή,
63143,"Εκεί που φτείς, μη γλείβς","Κρήτη, Κυδωνία",http://hdl.handle.net/20.500.11853/162848,"Λιουδάκη, Μαρία",Κρήτη,35.3084952,24.46334232,θυμός,,νουθεσία,
72379,Του πήγε ζουμί,"Αχαΐα, Καλάβρυτα",http://hdl.handle.net/20.500.11853/201751,"Μάλλιος, Θεόδωρος Π.",Αχαΐα,38.0692748,21.87273042,μνησικακία,,,
83498,Έρημα τα τζίντζινα και σκοτεινά τα Βέροια,"Αρκαδία, Κυνουρία",http://hdl.handle.net/20.500.11853/175813,"Νεστορίδης, Κ.",Αρκαδία,38.0368583,23.6689264,ΑΠΟΥΣΙΑ,,,
96587,"Απόξου κούκλα, απομέσα πανούκλα","Μακεδονία, Ρουμλούκι",http://hdl.handle.net/20.500.11853/190980,"Παπαθανασίου, Θεόδωρος",Μακεδονία,40.686024,23.6934342,απαξίωση,,,
76029,Μικρό μικρό τ' αλώνι σου κι ας εί(ν) μοναχικό σου,Κάρπαθος,http://hdl.handle.net/20.500.11853/281805,"Μανωλακάκης, Εμμανουήλ",Κάρπαθος,35.6136611,27.11925669,ΑΠΟΥΣΙΑ,,διδαχή,
51159,Οι απαίδευτοι μόνον τη μορφή των θεριών διαφέρουσι,"Αχαΐα, Πάτρα",http://hdl.handle.net/20.500.11853/149475,"Κορύλλος, Χρήστος Π.",Αχαΐα,38.0692748,21.87273042,ΑΠΟΥΣΙΑ,,εμπαιγμός,
97795,"Όλα γένουνται, του σπανού τα γένεια δεν γένουνται","Εύβοια, Κάρυστος",http://hdl.handle.net/20.500.11853/169814,"Παπαχατζής, Ευάγγελος",Εύβοια,38.49417235,23.9110844,ΑΠΟΥΣΙΑ,,διδαχή,
82022,Αν δεν έχω το ρακί τι το θέλω το βρακί;,"Μακεδονία, Γρεβενά, Δεσκάτη",http://hdl.handle.net/20.500.11853/262504,"Νεστορίδης, Κ.",Μακεδονία,40.686024,23.6934342,νοσταλγία,,,
75043,Το καράβι εδιπλάρωσε,Ήπειρος,http://hdl.handle.net/20.500.11853/181633,"Μανούσος, Αντώνιος",Ήπειρος,37.9982534,23.7378671,,απογοήτευση,,
4199,Υγείαν κι όρεξιν,Πόντος,http://hdl.handle.net/20.500.11853/200543,"Βαλαβάνης, Ι.",Πόντος,40.0850088,23.9775837,"χαρά, αγάπη, απόλαυση",,ευχή,
96259,Το παλαϊον το βουδ' εβγάλλ' τ' αυλάκ',"Πόντος, Τραπεζούντα",http://hdl.handle.net/20.500.11853/244014,"Παπαδόπουλος, Άνθιμος Α.",Πόντος,40.0850088,23.9775837,ΑΠΟΥΣΙΑ,,διδαχή,
34398,Πέτρα που κυλάει δε μουρδουλώνεται,Επτάνησος,http://hdl.handle.net/20.500.11853/254666,"Καββαδίας, Γεώργιος",Επτάνησος,38.8351105,20.7094392,ΑΠΟΥΣΙΑ,,διδαχή,
94143,"Απού ΄χει μέλι, βάνει και στο χόντρο","Κρήτη, Σητεία",http://hdl.handle.net/20.500.11853/189166,"Παπαδάκη, Ειρήνη",Κρήτη,35.3084952,24.46334232,μνησικακία,,νουθεσία,
79087,"Ανάθθεμα πού βρη τσαιρό τσ' άλλο τσαιρό αλιμένει, γιατ' ο τσαιρός τα πράματα ξανάστροφα τα φέρνει",Κάρπαθος,http://hdl.handle.net/20.500.11853/235670,"Μιχαηλίδης – Νουάρος, Μιχαήλ Γ.",Κάρπαθος,35.6136611,27.11925669,εγρήγορση,,διδαχή,
115755,Κοντά 'ς το νου κ' η γνώση,"Μικρά Ασία, Κύζικος, Αρτάκη",http://hdl.handle.net/20.500.11853/285801,"Φιλανθίδης, Μενέλαος Π.",Μικρά Ασία,38.1846366,23.5122768,εγρήγορση,,συμβουλή,
66632,Μι τουν ανώτερο σ' σκορδά μη φτεύης,"Λέσβος, Αγιάσσος",http://hdl.handle.net/20.500.11853/151758,"Λουκάτος, Δημήτριος Σ.",Λέσβος,39.17584185,25.99891345,ΑΠΟΥΣΙΑ,,διδαχή,
115748,Κει που θα πης το κακογιάνν' πε το καλογιάνν',"Μικρά Ασία, Κύζικος, Αρτάκη",http://hdl.handle.net/20.500.11853/202523,"Φιλανθίδης, Μενέλαος Π.",Μικρά Ασία,38.1846366,23.5122768,ΑΠΟΥΣΙΑ,,συμβουλή,
8881,"Δεν φταν' τ' σκοντάφτς, ύστερα σι λεν κ' τύφλα","Μακεδονία, Βογατσικό",http://hdl.handle.net/20.500.11853/262428,"Γρέζος, Τριαντάφυλλος",Μακεδονία,40.686024,23.6934342,ειρωνία,,,
340,Αν πέση η πέτρα πάνου 'ς τ' αυγό αλί 'ς τ' αυγό κι αν πέση το αυγό πάνου 'ς τημ πέτρα αλί 'ς τ' αυγό,"Εύβοια, Κύμη",http://hdl.handle.net/20.500.11853/140749,"Αλεξανδρής, Απόστολος",Εύβοια,38.49417235,23.9110844,"ανησυχία, παράπονο",,,
76166,Όποιος νηστεύγει για να πλουτίση η πείνα τ' απομένει,Κάρπαθος,http://hdl.handle.net/20.500.11853/258775,"Μανωλακάκης, Εμμανουήλ",Κάρπαθος,35.6136611,27.11925669,ΑΠΟΥΣΙΑ,,διδαχή,
99760,Η αρρώστεια μπαίνει με το σακκί και βγαίνει με το βελόνι,"Κεφαλληνία, Άσσος",http://hdl.handle.net/20.500.11853/156873,"Πατρικίου, Σταματία Σ.",Κεφαλληνία,38.2379344,20.560883,"τρόμος, φόβος, χαρά, λύπη",,,
69962,Κόσμους κι κουσμάκ'ς,Αιτωλία,http://hdl.handle.net/20.500.11853/272319,"Λουκόπουλος, Δημήτριος",Αιτωλία,37.4204248,24.9479564,"χαρά, λύπη",,,
823,Μυίγια δε γέρν' στού σπαθί τ',Λέσβος,http://hdl.handle.net/20.500.11853/284137,"Αναγνώστου, Σ.",Λέσβος,39.17584185,25.99891345,"θυμός, ειρωνία",,εμπαιγμός,
75872,Θέλει να τοχ΄ η κεφαλή να κατεβάζη ψείρες,Κάρπαθος,http://hdl.handle.net/20.500.11853/169754,"Μανωλακάκης, Εμμανουήλ",Κάρπαθος,35.6136611,27.11925669,"φόβος, ανησυχία",,,
117367,"Γλέπου, να σε γλέπη τζι ο Θεός",Κύπρος,http://hdl.handle.net/20.500.11853/164506,"Χατζηϊωάννου, Κυριάκος Π.",Κύπρος,34.9823018,33.1451285,εγρήγορση,,απειλή,
108028,Είμαι σα μαγειρεμένος,Νάξος,http://hdl.handle.net/20.500.11853/277090,"Σιγάλας, Α.",Νάξος,37.06001045,25.47075671,θυμός,,,
57187,Εκαμένμ μ' ασσίμ μουδούριν,Κύπρος,http://hdl.handle.net/20.500.11853/236078,"Κυριαζής, Νίκος Γ.",Κύπρος,34.9823018,33.1451285,,Δεν γνωρίζω,,
49213,"Και το μέλι το πολύ, φέρνει κοψίματα!","Αχαΐα, Πάτρα",http://hdl.handle.net/20.500.11853/280700,"Κορύλλος, Χρήστος Π.",Αχαΐα,38.0692748,21.87273042,ανησυχία,,διδαχή,
109724,"Η αλεπού όταν γεράση, καλογριά γίνεται",Ανατολική Θράκη,http://hdl.handle.net/20.500.11853/189679,"Σταμούλη – Σαραντή, Ελπινίκη",Ανατολική Θράκη,41.6759327,26.5587225,"ανησυχία, επαγρύπνηση",,προειδοποίηση,
91463,Σκ'λλί π' αλ'χτάει δεν τρώει,"Ιωάννινα, Νεγάδες",http://hdl.handle.net/20.500.11853/258492,"Οικονόμου, Μάνθος Κ.",Ιωάννινα,39.6639818,20.8522784,ειρωνία,,,
100119,"Κόλος που κλάνει, ποτέ γιατρό δεν βάνει","Θεσπρωτία, Παραμυθιά",http://hdl.handle.net/20.500.11853/213491,"Παυλίδης, Βασίλειος Π.",Θεσπρωτία,39.54401235,20.30835537,ευγνωμοσύνη,,ευχή,
77108,Κακό σέ κείνον σέ κείνον πού λείπει από τό γάμο του,Κεφαλληνία,http://hdl.handle.net/20.500.11853/276686,"Μαρκέτου, Λούλα",Κεφαλληνία,38.2379344,20.560883,ειρωνία,,,
26555,Την δουλειά την δουλειά,Αμοργός,http://hdl.handle.net/20.500.11853/161946,"Ιωαννίδης, Εμμανουήλ",Αμοργός,36.85252415,25.89848697,ΑΠΟΥΣΙΑ,,διδαχή,
92463,Αρχοντιές και λίμπες άδειες,"Ήπειρος, Κόνιτσα",http://hdl.handle.net/20.500.11853/155980,"Οικονομίδης, Δημήτριος Β.",Ήπειρος,37.9982534,23.7378671,ειρωνία,,,
98012,Με τα κόκκαλά μου εγίνην άθρωπος,Ρόδος,http://hdl.handle.net/20.500.11853/202169,"Παπαχριστόδουλος, Χ.",Ρόδος,36.17262995,27.91941815,θυμός,,,
66025,Η θάλασσα τα δίνει κ' η θάλασσα τα παίρνει,"Κεφαλληνία, Λειβαθώ",http://hdl.handle.net/20.500.11853/187461,"Λουκάτος, Δημήτριος Σ.",Κεφαλληνία,38.2379344,20.560883,ΑΠΟΥΣΙΑ,,διδαχή,
88202,Στανιώς του το λαγωνικό κακό κυνήγι κάνει,Λακωνία,http://hdl.handle.net/20.500.11853/275774,"Νεστορίδης, Κ.",Λακωνία,36.76027945,22.79046431,επαγρύπνηση,,,
74415,Δυο φοραίς οι γέροντες γένονται παιδιά,Ήπειρος,http://hdl.handle.net/20.500.11853/181749,"Μανούσος, Αντώνιος",Ήπειρος,37.9982534,23.7378671,χαρά,,,
101130,Επετσ' η αβδέλλα του!,Σκύρος,http://hdl.handle.net/20.500.11853/195315,"Περδίκα, Νίκη Λ.",Σκύρος,38.87304355,24.52447739,,Δεν γνωρίζω,,
87010,Όπου κυνηγά δυό λαγούς δεν πιάνει κανένα,Λακωνία,http://hdl.handle.net/20.500.11853/175740,"Νεστορίδης, Κ.",Λακωνία,36.76027945,22.79046431,ΑΠΟΥΣΙΑ,,νουθεσία,
16513,"Όποιος πάει με το Θεό, ποτέ δε χάνει","Νάξος, Απείρανθος",http://hdl.handle.net/20.500.11853/188371,"Ζευγώλη – Γλέζου, Διαλεχτή",Νάξος,37.06001045,25.47075671,,ελπίδα,συμβουλή,
100772,Αξίζ' ένα βασίλειο,Σκύρος,http://hdl.handle.net/20.500.11853/195304,"Περδίκα, Νίκη Λ.",Σκύρος,38.87304355,24.52447739,ειρωνία,,,
505,Όσο αραιώνουν τα σκόρδα τόσο χοντραίνουν,"Εύβοια, Κύμη",http://hdl.handle.net/20.500.11853/140772,"Αλεξανδρής, Απόστολος",Εύβοια,38.49417235,23.9110844,ΑΠΟΥΣΙΑ,,διδαχή,
96360,"Του στραβού το δίκαιο, του φτωχού το δίκαιο",Πόντος,http://hdl.handle.net/20.500.11853/184927,"Παπαδόπουλος, Άνθιμος Α.",Πόντος,40.0850088,23.9775837,ΑΠΟΥΣΙΑ,,διδαχή,
64539,"Σαράντα φορές να σε πούνε τρελλό, τρελλαίνεσαι","Μικρά Ασία, Βιθυνία, Σιγή",http://hdl.handle.net/20.500.11853/274669,"Λιουδάκη, Μαρία",Μικρά Ασία,38.1846366,23.5122768,ειρωνία,αγανακτηση,εμπαιγμός,
19828,Μη με λες σαλιάρν για να μη σε πω μυξάρν,"Μακεδονία, Σισάνι, Λούντζι",http://hdl.handle.net/20.500.11853/275699,"Ιωαννίδης, Αθ.",Μακεδονία,40.686024,23.6934342,ειρωνία,,διδαχή,
116074,"Μάστορ'ς, κάλφας, μαθητής, τύφλα να 'χ'να και οι τρείς","Μικρά Ασία, Κύζικος, Πάνορμος",http://hdl.handle.net/20.500.11853/263256,"Φιλιππίδης, Φίλιππος Α.",Μικρά Ασία,38.1846366,23.5122768,ειρωνία,,,
83706,Εγώ προστάζω την κάταν μου κι' η κάτα τα κατουδια της,Λακωνία,http://hdl.handle.net/20.500.11853/261343,"Νεστορίδης, Κ.",Λακωνία,36.76027945,22.79046431,ειρωνία,,,
11855,Άθθρωπον από γενηά και σκύλον από ράτσα,Ρόδος,http://hdl.handle.net/20.500.11853/186472,"Δρακίδης, Γεράσιμος Δ.",Ρόδος,36.17262995,27.91941815,ΑΠΟΥΣΙΑ,,συμβουλή,
70561,Ου πουλλές οι μαμές του βγάν'νι πιθαμένου του πιδί,Αιτωλία,http://hdl.handle.net/20.500.11853/250733,"Λουκόπουλος, Δημήτριος",Αιτωλία,37.4204248,24.9479564,ΑΠΟΥΣΙΑ,,συμβουλή,
30896,Αφσ΄ την την φιλιά του γυρεψούλι,Επτάνησος,http://hdl.handle.net/20.500.11853/175246,"Καββαδίας, Γεώργιος",Επτάνησος,38.8351105,20.7094392,ΑΠΟΥΣΙΑ,,συμβουλή,
70440,"Όποιους δεν τουγ ξέρ΄ αυτόν, ακριβά του αγοράζ΄",Αιτωλία,http://hdl.handle.net/20.500.11853/289890,"Λουκόπουλος, Δημήτριος",Αιτωλία,37.4204248,24.9479564,εγρήγορση,,διδαχή,
63724,"Μήτε το διάβολο να δής, μήτε το σταυρό σου να κάμης","Λέσβος, Μυτιλήνη",http://hdl.handle.net/20.500.11853/160791,"Λιουδάκη, Μαρία",Λέσβος,39.17584185,25.99891345,ευγνωμοσύνη,,ευχή,
19942,Το μήλο ποκάτ΄ απ΄ τη μηλιά θα πέση,"Μακεδονία, Σισάνι, Λιμπόχοβο",http://hdl.handle.net/20.500.11853/262598,"Ιωαννίδης, Αθ.",Μακεδονία,40.686024,23.6934342,"ειρωνία, μνησικακία, ευγνωμοσύνη",,εμπαιγμός,
91357,Παίρν' τ΄ δ'λειά σ' απ' ακ'λούθ,"Ιωάννινα, Νεγάδες",http://hdl.handle.net/20.500.11853/178556,"Οικονόμου, Μάνθος Κ.",Ιωάννινα,39.6639818,20.8522784,,δεν γνωρίζω,,
17444,Ω Θεέ τζη Κρήτης πο' διάης κι' εκρύφτης;,"Νάξος, Απείρανθος",http://hdl.handle.net/20.500.11853/188390,"Ζευγώλη – Γλέζου, Διαλεχτή",Νάξος,37.06001045,25.47075671,ανησυχία,,,
32755,Νους και που μυαλό αν τον εύρης,Επτάνησος,http://hdl.handle.net/20.500.11853/284584,"Καββαδίας, Γεώργιος",Επτάνησος,38.8351105,20.7094392,εγρήγορση,,,
110561,"Σαράντα φας, σαράντα πιείς, σαράτνα δωσ' για τη ψυχή σ', σαράντα δεντρα φύτεψε, να διής λεημοσύνη",Ανατολική Θράκη,http://hdl.handle.net/20.500.11853/245931,"Σταμούλη – Σαραντή, Ελπινίκη",Ανατολική Θράκη,41.6759327,26.5587225,"εγρήγορση, ευγνωμοσύνη, ανησυχία",,διδαχή,
109861,"Κάθεται, κάθεται, την καμήλα τσους τη λέγει",Ανατολική Θράκη,http://hdl.handle.net/20.500.11853/210245,"Σταμούλη – Σαραντή, Ελπινίκη",Ανατολική Θράκη,41.6759327,26.5587225,ειρωνία,,,
8386,Κάλλια Καλογιάνν' παρά Κακογιάνν',Ήπειρος,http://hdl.handle.net/20.500.11853/203519,"Γόνιος, Α.",Ήπειρος,37.9982534,23.7378671,ΑΠΟΥΣΙΑ,,ευχή,
102099,"Το ψωμί τρώ΄εται καλύτερα με το μέλι, πέρζι με το ξίδι",Σκύρος,http://hdl.handle.net/20.500.11853/237630,"Περδίκα, Νίκη Λ.",Σκύρος,38.87304355,24.52447739,επαγρύπνηση,,διδαχή,
115807,Ο Θεός αγαπά τον κλέφτ' αγαπά και το νοικοκύρ,"Μικρά Ασία, Κύζικος, Αρτάκη",http://hdl.handle.net/20.500.11853/202417,"Φιλανθίδης, Μενέλαος Π.",Μικρά Ασία,38.1846366,23.5122768,ικανοποίηση,,,
79337,"Σκόλη, σκόλη, σκόλαρος, εφάνητσεν ο κώλαρος!",Κάρπαθος,http://hdl.handle.net/20.500.11853/246857,"Μιχαηλίδης – Νουάρος, Μιχαήλ Γ.",Κάρπαθος,35.6136611,27.11925669,ειρωνία,,εμπαιγμός,
71143,Τα καταπαίν' σαγ κουρόμπλα,Αιτωλία,http://hdl.handle.net/20.500.11853/208092,"Λουκόπουλος, Δημήτριος",Αιτωλία,37.4204248,24.9479564,"ειρωνία, απαξίωση",,εμπαιγμός,
35286,Τα δάκρυα μαλακώνουν την καρδιά του ανθρώπου,Επτάνησος,http://hdl.handle.net/20.500.11853/173893,"Καββαδίας, Γεώργιος",Επτάνησος,38.8351105,20.7094392,επαγρύπνηση,,συμβουλή,
106405,Κ΄ η προβατίνα μαλλί μου γυρεύει,"Αρκαδία, Γορτυνία",http://hdl.handle.net/20.500.11853/161373,"Σακελλαριάδης, Χ.",Αρκαδία,38.0368583,23.6689264,ειρωνία,,,
106925,Μαθημένο ναι τ' αρνί να κουρεύηται τον Μάη,"Θράκη, Αίνος",http://hdl.handle.net/20.500.11853/257773,Σαμίδης,Θράκη,40.8464241,25.8759377,"ειρωνία, εγρήγορση",,,
113875,Αιρετικοί,"Μακεδονία, Καταφύγι",http://hdl.handle.net/20.500.11853/158759,"Τσικόπουλος, Ι.",Μακεδονία,40.686024,23.6934342,ΑΠΟΥΣΙΑ,,,
66485,Κουμ'διά δώτσις αλυγαροκούκ'τσα πήρις,"Λέσβος, Αγιάσσος",http://hdl.handle.net/20.500.11853/163960,"Λουκάτος, Δημήτριος Σ.",Λέσβος,39.17584185,25.99891345,,Δεν γνωρίζω,,
107325,"Ότι δίνεις, 'κείνου παίρνεις","Λέσβος, Πλαγιά",http://hdl.handle.net/20.500.11853/262064,"Σαρέλλης, Εμμανουήλ",Λέσβος,39.17584185,25.99891345,ειρωνία,,διδαχή,
79951,Του πουλλιού του γάλας έχει μέσα,"Μικρά Ασία, Λιβίσσι (Λειβίσσι)",http://hdl.handle.net/20.500.11853/263304,Μουσαίος,Μικρά Ασία,38.1846366,23.5122768,χαρά,,,
12913,Ούλλα του λωλλού πολλά,Ρόδος,http://hdl.handle.net/20.500.11853/228360,"Δρακίδης, Γεράσιμος Δ.",Ρόδος,36.17262995,27.91941815,ειρωνία,,,
61224,Πάσα νειος να δράμη θέλει,Ρόδος,http://hdl.handle.net/20.500.11853/286494,"Κωνσταντινίδης, Θεόδωρος",Ρόδος,36.17262995,27.91941815,"νοσταλγία, χαρά, αγάπη",,,
70805,Που βρήκα και το γυννί ακόμα που το είχετε χωμένο πίσω απ' την πόρτα,Αιτωλία,http://hdl.handle.net/20.500.11853/176743,"Λουκόπουλος, Δημήτριος",Αιτωλία,37.4204248,24.9479564,,Δεν γνωρίζω,,
91424,Πρόφτασε τ' δ'λειά να μή σί πάρ' απού 'μπρουστά,"Ιωάννινα, Νεγάδες",http://hdl.handle.net/20.500.11853/178567,"Οικονόμου, Μάνθος Κ.",Ιωάννινα,39.6639818,20.8522784,ΑΠΟΥΣΙΑ,,συμβουλή,
67138,"Όποιος δεν έχει κανένανε να ρωτήση, ρωτάει τσι τέσσαρες αγκωνές του σπιτιού του","Κεφαλληνία, Αργοστόλι",http://hdl.handle.net/20.500.11853/245066,"Λουκάτος, Δημήτριος Σ.",Κεφαλληνία,38.2379344,20.560883,"λύπη, ειρωνία, απαξίωση",,,
18095,Ένα χρόνο κι' ένα μήνα έγνεθ' ένα 'δράχτι νήμα τι 'βανε και στο ραφάκι το 'φαγε τι ποντικάκι,"Θράκη, Αυδήμιο",http://hdl.handle.net/20.500.11853/231334,"Ζήσης, Ευστράτιος",Θράκη,40.8464241,25.8759377,ειρωνία,,,
500,Όπου θέλει ο τσικαλάς κολλάει το χέρι,"Εύβοια, Κύμη",http://hdl.handle.net/20.500.11853/172469,"Αλεξανδρής, Απόστολος",Εύβοια,38.49417235,23.9110844,ΑΠΟΥΣΙΑ,,εμπαιγμός,
78063,Να σέης τ ΄ αχούλια σ δέσκαλε μετ΄ ένα γορόσ΄ λείψανον σκούται ;,"Πόντος, Χαλδία",http://hdl.handle.net/20.500.11853/165511,"Μελίδης, Θεόδωρος",Πόντος,40.0850088,23.9775837,,Δεν γνωρίζω,,
65565,Γ' ρούν πέ σόϊ και στσύλο απέ μάντρα,"Λέσβος, Αγιάσσος",http://hdl.handle.net/20.500.11853/163979,"Λουκάτος, Δημήτριος Σ.",Λέσβος,39.17584185,25.99891345,,Δεν γνωρίζω,,
437,Λάδι δεν τρώει μα τον λαδά τον πλίγει,"Εύβοια, Κύμη",http://hdl.handle.net/20.500.11853/275711,"Αλεξανδρής, Απόστολος",Εύβοια,38.49417235,23.9110844,ειρωνία,,εμπαιγμός,
3369,Εσύ πας ολίγου σείου (σαλεύου),Πόντος,http://hdl.handle.net/20.500.11853/263953,"Βαλαβάνης, Ι.",Πόντος,40.0850088,23.9775837,ειρωνία,,,
106245,Από τα σπάργαν' ορφανή κι απ' το στεφάνι χήρα,"Αρκαδία, Γορτυνία",http://hdl.handle.net/20.500.11853/157561,"Σακελλαριάδης, Χ.",Αρκαδία,38.0368583,23.6689264,λύπη,,,
80155,Κουφού καμπάνα κι' αν λαλής τυφλό κι' αν θυμιατίζης,"Θεσπρωτία, Παραμυθιά",http://hdl.handle.net/20.500.11853/273121,"Μουσελίμης, Σπ.",Θεσπρωτία,39.54401235,20.30835537,"παράπονο, λύπη, ειρωνία",,συμβουλή,
106768,Από έναν βγαίνει και εις χίλιοις κατανταίνει,"Θράκη, Αίνος",http://hdl.handle.net/20.500.11853/202993,Σαμίδης,Θράκη,40.8464241,25.8759377,ΑΠΟΥΣΙΑ,,εμπαιγμός,
97752,Κάλλιο άντρα μ' ένα μάτι παρά μ' ένα πόδι,"Εύβοια, Κάρυστος",http://hdl.handle.net/20.500.11853/156751,"Παπαχατζής, Ευάγγελος",Εύβοια,38.49417235,23.9110844,ΑΠΟΥΣΙΑ,,συμβουλή,
76460,Δεν έχει κούνναν μυαλόν,Κάρπαθος,http://hdl.handle.net/20.500.11853/283616,"Μανωλακάκης, Παπαγιάννης",Κάρπαθος,35.6136611,27.11925669,ΑΠΟΥΣΙΑ,,,
7385,"Έσμιξεν η Χίος κι η Πόλη, κι εγινήκασιν περβόλι",Ρόδος,http://hdl.handle.net/20.500.11853/244364,"Βρόντης, Αναστάσιος",Ρόδος,36.17262995,27.91941815,ειρωνία,,εμπαιγμός,
76047,Νά 'ταν η ζηλιά κασσίδα,Κάρπαθος,http://hdl.handle.net/20.500.11853/169758,"Μανωλακάκης, Εμμανουήλ",Κάρπαθος,35.6136611,27.11925669,ειρωνία,,,
38078,Ασκημέ μου στρώσε το έλα κι ομορφέ μου τι θα φάμε,"Αρκαδία, Γορτυνία",http://hdl.handle.net/20.500.11853/147570,"Κανδηλώρος, Τάκης Χ.",Αρκαδία,38.0368583,23.6689264,,Δεν γνωρίζω,,
44490,Κάλλ' ας ντραπή η μούρη μου παρ' α καη η καρδιά μου,Κρήτη,http://hdl.handle.net/20.500.11853/170219,"Κονδυλάκης, Ιωάννης Δ.",Κρήτη,35.3084952,24.46334232,"φόβος, ανησυχία",,,
13060,Που τη(μ) πόλιν έρχουμαι και στην κορφήν κανέλλα,Ρόδος,http://hdl.handle.net/20.500.11853/186710,"Δρακίδης, Γεράσιμος Δ.",Ρόδος,36.17262995,27.91941815,"απόγνωση, ειρωνία",,,
77651,Εχτάλειψεν ο πετεινόν κ' εύρεν τη γούλασ ατ το μαχαίρ,"Πόντος, Χαλδία",http://hdl.handle.net/20.500.11853/153581,"Μελανοφρύδης, Παντελεήμον Η.",Πόντος,40.0850088,23.9775837,,Δεν γνωρίζω,,
33426,Ο καπνός και ο ταμπάκος του διαβόλου το λιβάνι,Επτάνησος,http://hdl.handle.net/20.500.11853/270172,"Καββαδίας, Γεώργιος",Επτάνησος,38.8351105,20.7094392,"μίσος, θυμός",,διδαχή,
75847,"Ήτον άσουρα τ' αρνιά, είχασιν κι ορίαν πλατειάν",Κάρπαθος,http://hdl.handle.net/20.500.11853/190040,"Μανωλακάκης, Εμμανουήλ",Κάρπαθος,35.6136611,27.11925669,,Δεν γνωρίζω,,
99093,Εσένα τα λέω πεθερά για να τ' ακούσ' η νύφ',"Ιωάννινα, Μέγα Περιστέρι",http://hdl.handle.net/20.500.11853/232709,"Παππάς, Δημήτριος",Ιωάννινα,39.6639818,20.8522784,ΑΠΟΥΣΙΑ,,εμπαιγμός,
107805,Η γρίνια του σπιτιού γίνεται πρόξενος κακού,"Θράκη, Σουφλί",http://hdl.handle.net/20.500.11853/182151,"Σεϊτανίδης, Δημήτριος",Θράκη,40.8464241,25.8759377,ΑΠΟΥΣΙΑ,,προειδοποίηση,
101694,Ούλη μ' η γιέννοια τ' γαδάρ' μου τα νιάμερα!,Σκύρος,http://hdl.handle.net/20.500.11853/195638,"Περδίκα, Νίκη Λ.",Σκύρος,38.87304355,24.52447739,ειρωνία,,,
117893,Δίνε με τα χέρια και γύρευε με τα ποδάρια,"Θράκη, Πετροχώρι Μετρών",http://hdl.handle.net/20.500.11853/192157,"Χουρμουζιάδης, Κ.",Θράκη,40.8464241,25.8759377,ΑΠΟΥΣΙΑ,,συμβουλή,
53889,"Το νερό τρέχει, ο άμμος στέκεται","Θράκη, Σηλυβρία",http://hdl.handle.net/20.500.11853/198105,"Κουκουλές, Φαίδων",Θράκη,40.8464241,25.8759377,ΑΠΟΥΣΙΑ,,προειδοποίηση,
57661,Η ρκά έτσι κατασείμονα τ' αγγούριν αθθυμήθην,Κύπρος,http://hdl.handle.net/20.500.11853/193422,"Κυριαζής, Νίκος Γ.",Κύπρος,34.9823018,33.1451285,ειρωνία,,,
100716,Άψε σβήσε!,Σκύρος,http://hdl.handle.net/20.500.11853/195210,"Περδίκα, Νίκη Λ.",Σκύρος,38.87304355,24.52447739,"ΑΠΟΥΣΙΑ, χαρά",,,
3779,Όποιος γυρεύει τα μεγάλα χάνει και τα μικρά,Πόντος,http://hdl.handle.net/20.500.11853/161289,"Βαλαβάνης, Ι.",Πόντος,40.0850088,23.9775837,ανησυχία,,διδαχή,
4504,"Ο παπάς από την Πόλι, η παπαδιά του μολογάει",Ήπειρος,http://hdl.handle.net/20.500.11853/281770,"Βαξοβάνος, Λεωνίδας",Ήπειρος,37.9982534,23.7378671,"θυμός, ειρωνία, απαξίωση",,εμπαιγμός,
106288,Δεν του λείπει λόξα μόν του λείπει μάννα,"Αρκαδία, Γορτυνία",http://hdl.handle.net/20.500.11853/200578,"Σακελλαριάδης, Χ.",Αρκαδία,38.0368583,23.6689264,λύπη,,,
94516,Άμον ντο τρώει ο γάιδαρον τ' αχάντα,"Πόντος, Τραπεζούντα",http://hdl.handle.net/20.500.11853/184264,"Παπαδόπουλος, Άνθιμος Α.",Πόντος,40.0850088,23.9775837,,Δεν γνωρίζω,,
63419,"Κάθου, κόρη, μη σπουδάζης τον καιρό μην τόνε βιάζης, κι ο καιρός θε να σου φέρη δαχτυλίδιν εις το χέρι δαχτυλίδι κι αρραβώνα και στην κεφαλή κορώνα","Κρήτη, Λασίθι, Άγιος Γεώργιος",http://hdl.handle.net/20.500.11853/266822,"Λιουδάκη, Μαρία",Κρήτη,35.3084952,24.46334232,ΑΠΟΥΣΙΑ,,συμβουλή,
4298,Εδίβαμ΄ ως το Βήρι κι είπανε μας γύρει,"Πόντος, Οινόη",http://hdl.handle.net/20.500.11853/191076,"Βαμβακίδης, Ι.",Πόντος,40.0850088,23.9775837,ειρωνία,,,
66372,"Καλύτερα ναν τα βάνης με το δαίμονα, παρά με το δαιμονισμένονε",Κεφαλληνία,http://hdl.handle.net/20.500.11853/187705,"Λουκάτος, Δημήτριος Σ.",Κεφαλληνία,38.2379344,20.560883,ΑΠΟΥΣΙΑ,,προειδοποίηση,
91869,Καρφί δι ντουν' καίγιται,"Θράκη, Μάδυτος",http://hdl.handle.net/20.500.11853/266942,"Οικονομίδης, Απόστολος Β.",Θράκη,40.8464241,25.8759377,"θυμός, ειρωνία",,εμπαιγμός,
9165,Πάρ' τον το δράμια!,"Μακεδονία, Βογατσικό",http://hdl.handle.net/20.500.11853/171865,"Γρέζος, Τριαντάφυλλος",Μακεδονία,40.686024,23.6934342,,Δεν γνωρίζω,,
565,Τα ρούχα κάμνουν άνθρωπων και τ' άρματα λεβέντη,"Εύβοια, Κύμη",http://hdl.handle.net/20.500.11853/255782,"Αλεξανδρής, Απόστολος",Εύβοια,38.49417235,23.9110844,ΑΠΟΥΣΙΑ,,διδαχή,
38689,Εφύτεψες αμπέλι; πάρε και βαγένι,"Αρκαδία, Γορτυνία",http://hdl.handle.net/20.500.11853/147707,"Κανδηλώρος, Τάκης Χ.",Αρκαδία,38.0368583,23.6689264,ΑΠΟΥΣΙΑ,,διδαχή,
106891,Καιρός πωλεί τα ξύλα κι' ο χειμώνας τ' αγοράζει,"Θράκη, Αίνος",http://hdl.handle.net/20.500.11853/267037,Σαμίδης,Θράκη,40.8464241,25.8759377,ΑΠΟΥΣΙΑ,,διδαχή,
47414,Γυρεύει λάχανα μεσ΄ στη θάλασσα και ψάργια μεσ΄ στο λόγγο !,"Αχαΐα, Πάτρα",http://hdl.handle.net/20.500.11853/181027,"Κορύλλος, Χρήστος Π.",Αχαΐα,38.0692748,21.87273042,ειρωνία,,εμπαιγμός,
16775,Ποιος ζει και ποιος απεθαίνει ...,"Νάξος, Απείρανθος",http://hdl.handle.net/20.500.11853/245413,"Ζευγώλη – Γλέζου, Διαλεχτή",Νάξος,37.06001045,25.47075671,,αδιαφορία,,
22660,Θαρρείς κ' η πολλή πρεμούρα πως είν' καλό;,Αμοργός,http://hdl.handle.net/20.500.11853/251860,"Ιωαννίδης, Εμμανουήλ",Αμοργός,36.85252415,25.89848697,ΑΠΟΥΣΙΑ,,νουθεσία,
107226,Έχε ζεστά τα πόδια σου τη κεφαλή σου κρύα το στόμαχό σου ελαφρόν ναχης πάντα υγεία,"Λέσβος, Πλαγιά",http://hdl.handle.net/20.500.11853/262052,"Σαρέλλης, Εμμανουήλ",Λέσβος,39.17584185,25.99891345,ΑΠΟΥΣΙΑ,,διδαχή,
100666,Άθηναίοι τσαί Θηβαίοι – τσαί κατσοί Μυτιλ΄ναίοι άλλα λένε το βράδυ τσ΄ άλλα κάν΄νε τό ταχύ,Σκύρος,http://hdl.handle.net/20.500.11853/195040,"Περδίκα, Νίκη Λ.",Σκύρος,38.87304355,24.52447739,,Δεν γνωρίζω,,
882,Πλάκουσι μια μπατόλια πά 'ς τ' αυτιά μ',Λέσβος,http://hdl.handle.net/20.500.11853/197586,"Αναγνώστου, Σ.",Λέσβος,39.17584185,25.99891345,,Δεν γνωρίζω,,
98602,Πιάσ' τουν τυφλόνα και βγάλ' τα μάτια τ',"Θράκη, Σαράντα Εκκλησίες",http://hdl.handle.net/20.500.11853/214740,"Παπαχριστοδούλου, Πολύδωρος",Θράκη,40.8464241,25.8759377,εγρήγορση,,,
91205,"Νάχαμ' ένα διμάτ' τέτοιις να βάνουμε προυσκέφαλου, ημείς δεν έχουμ' ένα να βρέξουμι του μ'νι μας","Ιωάννινα, Νεγάδες",http://hdl.handle.net/20.500.11853/178526,"Οικονόμου, Μάνθος Κ.",Ιωάννινα,39.6639818,20.8522784,"απόγνωση, ανησυχία",,,
18369,"Πές μου μέ ποιόν συναναστρέφεσαι, νά σέ πώ τί είσαι","Θράκη, Αυδήμιο",http://hdl.handle.net/20.500.11853/190595,"Ζήσης, Ευστράτιος",Θράκη,40.8464241,25.8759377,ειρωνία,,εμπαιγμός,
9907,"Ό,τι ξέρ' η ν'κουτσύρης εν του ξέρω ούλ' μαζί",Λέσβος,http://hdl.handle.net/20.500.11853/286996,"Δήμου, Φώτιος",Λέσβος,39.17584185,25.99891345,ΑΠΟΥΣΙΑ,,διδαχή,
51049,Όσο θέλης γύρευε κ' όσο θέλει ο Θεός θα σου δώση,"Αχαΐα, Πάτρα",http://hdl.handle.net/20.500.11853/180237,"Κορύλλος, Χρήστος Π.",Αχαΐα,38.0692748,21.87273042,ευγνωμοσύνη,,διδαχή,
13221,Τ' είναι ο κάουρας τ' είν' το ζουμί του,Ρόδος,http://hdl.handle.net/20.500.11853/170799,"Δρακίδης, Γεράσιμος Δ.",Ρόδος,36.17262995,27.91941815,ειρωνία,απογοήτευση,,
99980,Έβαλα το κεφάλι μου στον ντορβά,"Θεσπρωτία, Παραμυθιά",http://hdl.handle.net/20.500.11853/213499,"Παυλίδης, Βασίλειος Π.",Θεσπρωτία,39.54401235,20.30835537,"ανησυχία, εγρήγορση, φόβος",,απειλή,
114169,Θα πηδήσω μπάρμπα – Να σε δω παιδί μου,Μακεδονία,http://hdl.handle.net/20.500.11853/158795,"Τσικόπουλος, Ι.",Μακεδονία,40.686024,23.6934342,"ειρωνία, απαξίωση",,εμπαιγμός,
18919,Αυτά είναι τα κουμπιά τσ' Αλέξαινας και τα βάσανα τση ρόκας,"Νάξος, Κωμιακή",http://hdl.handle.net/20.500.11853/272845,"Ήμελλος, Στέφανος Δ.",Νάξος,37.06001045,25.47075671,ειρωνία,,,
78886,"Όποιος δεν τον ξαίρει, ακριβά τον αγοράζει","Μικρά Ασία, Βουρλά",http://hdl.handle.net/20.500.11853/195885,"Μηλιώρης, Νίκος Ε.",Μικρά Ασία,38.1846366,23.5122768,ειρωνία,,προειδοποίηση,
92651,Ο βλάχος κι αν αγιάση κερί μη τ' ανάφτης,"Ήπειρος, Κόνιτσα",http://hdl.handle.net/20.500.11853/155978,"Οικονομίδης, Δημήτριος Β.",Ήπειρος,37.9982534,23.7378671,εγρήγορση,,συμβουλή,
15183,Δεν ηξέρ' από που βγαίνει ο νήλιος,"Νάξος, Απείρανθος",http://hdl.handle.net/20.500.11853/230074,"Ζευγώλη – Γλέζου, Διαλεχτή",Νάξος,37.06001045,25.47075671,ειρωνία,,,
11978,"Ας είν' καλά και πύρκαλα του δυόσμου το κλωναρι, της πεθθεράς μου το παιδί, ο διπλοκανακάρης",Ρόδος,http://hdl.handle.net/20.500.11853/264378,"Δρακίδης, Γεράσιμος Δ.",Ρόδος,36.17262995,27.91941815,αγάπη,,ευχή,
69712,Θέλ' γαμπρό μι μάτια κι αυτός,Αιτωλία,http://hdl.handle.net/20.500.11853/173564,"Λουκόπουλος, Δημήτριος",Αιτωλία,37.4204248,24.9479564,ειρωνία,,εμπαιγμός,
65964,"Η αγάπη δεν είναι δεντρί, δεν είν' ανθί να πέση, παρ' είναι βάτος με κλαρί, κι' αγλιά 'πό ' κειόν π' αντέση",Κεφαλληνία,http://hdl.handle.net/20.500.11853/187955,"Λουκάτος, Δημήτριος Σ.",Κεφαλληνία,38.2379344,20.560883,ΑΠΟΥΣΙΑ,,διδαχή,
109609,"Έβαλε κ' η κοσκινού τον άντρα της, με τους πραματευτάδες",Ανατολική Θράκη,http://hdl.handle.net/20.500.11853/245888,"Σταμούλη – Σαραντή, Ελπινίκη",Ανατολική Θράκη,41.6759327,26.5587225,απαξίωση,,εμπαιγμός,
27900,Όταν χτυπούνται δυό λαΐνια ένα από τα δυό θα σπάση,"Θεσπρωτία, Κωστάνα",http://hdl.handle.net/20.500.11853/183137,"Ιωαννίδης, Κωνσταντίνος Θ.",Θεσπρωτία,39.54401235,20.30835537,ΑΠΟΥΣΙΑ,,διδαχή,
25496,Ποιός ήφαεν το μέλι; Πόχει μυία στο κεφάλι,Αμοργός,http://hdl.handle.net/20.500.11853/283313,"Ιωαννίδης, Εμμανουήλ",Αμοργός,36.85252415,25.89848697,,Δεν γνωρίζω,,
84020,Εμείς ψωμί δεν έχουμε και φραντζόλες θέλουμε,Λακωνία,http://hdl.handle.net/20.500.11853/167703,"Νεστορίδης, Κ.",Λακωνία,36.76027945,22.79046431,"ανησυχία, παράπονο",,,
62122,Δάκκασι την ιγλώσσα σου,"Μικρά Ασία, Λιβίσσι (Λειβίσσι)",http://hdl.handle.net/20.500.11853/179399,"Λαμέρας, Κωνσταντίνος Γ.",Μικρά Ασία,38.1846366,23.5122768,"θυμός, ανησυχία",,,
110157,"Νέ παν' απ' τ' αμάξι, νέ κάτ' απ' τ' αμάξι",Ανατολική Θράκη,http://hdl.handle.net/20.500.11853/189382,"Σταμούλη – Σαραντή, Ελπινίκη",Ανατολική Θράκη,41.6759327,26.5587225,ΑΠΟΥΣΙΑ,,,
114563,"Όταν κλέφτουν, μη κλέφτεις, κι όταν τελαλούν κάμε σεργιάνι",Μακεδονία,http://hdl.handle.net/20.500.11853/206087,"Τσικόπουλος, Ι.",Μακεδονία,40.686024,23.6934342,ΑΠΟΥΣΙΑ,,διδαχή,
63868,Ο βιός παντρεύει κούτσουρα,"Μικρά Ασία, Βιθυνία, Κατιρλί",http://hdl.handle.net/20.500.11853/151214,"Λιουδάκη, Μαρία",Μικρά Ασία,38.1846366,23.5122768,ειρωνία,,,
93606,Του σκάφτει τον λάκκο,Θεσπρωτία,http://hdl.handle.net/20.500.11853/275695,"Παναγιωτίδης, Δ. Α.",Θεσπρωτία,39.54401235,20.30835537,"μνησικακία, ειρωνία, απαξίωση",,,
76309,Σύντεχνε κι' αν εμιλούμε συχνογύριζε την πίτταν,Κάρπαθος,http://hdl.handle.net/20.500.11853/289301,"Μανωλακάκης, Εμμανουήλ",Κάρπαθος,35.6136611,27.11925669,,Δεν γνωρίζω,,
99400,Παλιά αλ'πού στην παγίδα δεν πιάνεται,"Ιωάννινα, Μέγα Περιστέρι",http://hdl.handle.net/20.500.11853/192590,"Παππάς, Δημήτριος",Ιωάννινα,39.6639818,20.8522784,ΑΠΟΥΣΙΑ,,εμπαιγμός,
118479,Έλα παππού μου να σου δείξου τ' αμπέλια σου,Θράκη,http://hdl.handle.net/20.500.11853/165329,"Χρήστος, Νικόλαος",Θράκη,40.8464241,25.8759377,ειρωνία,,,
29860,Άσπρα και τιμή προγόνων!,Επτάνησος,http://hdl.handle.net/20.500.11853/146582,"Καββαδίας, Γεώργιος",Επτάνησος,38.8351105,20.7094392,,Δεν γνωρίζω,,
69813,Κάμι μι σουφό (ή νουητό) για να σι κάμου πλούσιου,"Αιτωλία, Αμβρακιά",http://hdl.handle.net/20.500.11853/250915,"Λουκόπουλος, Δημήτριος",Αιτωλία,37.4204248,24.9479564,ειρωνία,,εμπαιγμός,
61341,Ήρτι στου αμίν τσι πάλι ξαναγύρσι,"Λέσβος, Πάμφυλα",http://hdl.handle.net/20.500.11853/150833,"Κωντάρας, Περικλής Δ.",Λέσβος,39.17584185,25.99891345,ΑΠΟΥΣΙΑ,,,
39832,Ολ' ημέρα Καλογιάννη και το βράδυ Κακογιάννη,"Αρκαδία, Γορτυνία",http://hdl.handle.net/20.500.11853/147658,"Κανδηλώρος, Τάκης Χ.",Αρκαδία,38.0368583,23.6689264,ειρωνία,,,
70947,Σε σπίτι ξέσκεπο γεννήθηκε,Αιτωλία,http://hdl.handle.net/20.500.11853/289992,"Λουκόπουλος, Δημήτριος",Αιτωλία,37.4204248,24.9479564,απαξίωση,,,
93526,Όλα έρχονται με τον καιρόν ΄ς τον τόπο τους,Θεσπρωτία,http://hdl.handle.net/20.500.11853/267468,"Παναγιωτίδης, Δ. Α.",Θεσπρωτία,39.54401235,20.30835537,επιθυμία,,ευχή,
92067,Ένας αξίζει εκατό κι οι εκατό δέν αξίζουν ένα,"Νάξος, Απείρανθος",http://hdl.handle.net/20.500.11853/178706,"Οικονομίδης, Δημήτριος",Νάξος,37.06001045,25.47075671,ΑΠΟΥΣΙΑ,,εμπαιγμός,
28927,"Πέντε μήνες έξη χρόνια έφκειαξα μιά βρακοζώνα, πέντε μήνες εξ' αδράχτια","Εύβοια, Αγία Άννα",http://hdl.handle.net/20.500.11853/145025,"Ιωαννίδου, Μ.",Εύβοια,38.49417235,23.9110844,ειρωνία,,,
43378,"Έτζι το έχει το λινάρι, να ανθή τον Αλωνάρη",Επτάνησος,http://hdl.handle.net/20.500.11853/201539,"Κολλυβά – Χατζημιχάλη, Αγγελική",Επτάνησος,38.8351105,20.7094392,ειρωνία,,,
64806,"Το μυριστικόν απίδι, την τιμήν απ΄ έχει δίνει","Κρήτη, Ινναχώριο, Έλος",http://hdl.handle.net/20.500.11853/161165,"Λιουδάκη, Μαρία",Κρήτη,35.3084952,24.46334232,ΑΠΟΥΣΙΑ,,διδαχή,
65612,"Για όσους δεν κλεί η πόρτα σου, κόψιμο μην έχης","Κεφαλληνία, Παλική",http://hdl.handle.net/20.500.11853/245149,"Λουκάτος, Δημήτριος Σ.",Κεφαλληνία,38.2379344,20.560883,απαξίωση,,συμβουλή,
29929,Άχερα θα λες και τρων οι άλλοι!,Επτάνησος,http://hdl.handle.net/20.500.11853/146693,"Καββαδίας, Γεώργιος",Επτάνησος,38.8351105,20.7094392,ειρωνία,,,
97948,Είχαμεν γκαι του γαδάρου μας τα νιάμερα,Ρόδος,http://hdl.handle.net/20.500.11853/156825,"Παπαχριστόδουλος, Χ.",Ρόδος,36.17262995,27.91941815,ειρωνία,,,
75447,"Αν δεν το(ν) φά(γ)ης το(ν) καρπό(ν), μη καυχκηστής εις το(ν) καιρό(ν)",Κάρπαθος,http://hdl.handle.net/20.500.11853/230976,"Μανωλακάκης, Εμμανουήλ",Κάρπαθος,35.6136611,27.11925669,ΑΠΟΥΣΙΑ,,διδαχή,
21840,Εκαταντήθην ο Χριστός σ' ονούς παρά λιβάνι,Αμοργός,http://hdl.handle.net/20.500.11853/211302,"Ιωαννίδης, Εμμανουήλ",Αμοργός,36.85252415,25.89848697,,Δεν γνωρίζω,,
106947,"Μήτε τον διάβολο να ιδής, μήτε τον σταυρόν","Θράκη, Αίνος",http://hdl.handle.net/20.500.11853/166218,Σαμίδης,Θράκη,40.8464241,25.8759377,"απαξίωση, θυμός",,απειλή,
98168,"Χτυπάς την γεναίακ σου χτυπάς το κεφάλιο σου, χτυπάς το ζουάκιο σου, χτυπάς το πουγγάκιο σου",Ρόδος,http://hdl.handle.net/20.500.11853/164580,"Παπαχριστόδουλος, Χ.",Ρόδος,36.17262995,27.91941815,θυμός,,διδαχή,
23823,Μηδέ στ' όνειρόν του ποτέ δεν το 'δε,Αμοργός,http://hdl.handle.net/20.500.11853/201214,"Ιωαννίδης, Εμμανουήλ",Αμοργός,36.85252415,25.89848697,μνησικακία,,εμπαιγμός,
15944,"Μ' όϊο δάσκαλο καθήσης, τέθοια γράμματα θα μάθης","Νάξος, Απείρανθος",http://hdl.handle.net/20.500.11853/263540,"Ζευγώλη – Γλέζου, Διαλεχτή",Νάξος,37.06001045,25.47075671,εγρήγορση,,διδαχή,
98808,"Αδειανό σακκί, όρθιο δεν στέκει","Ιωάννινα, Μέγα Περιστέρι",http://hdl.handle.net/20.500.11853/246714,"Παππάς, Δημήτριος",Ιωάννινα,39.6639818,20.8522784,ΑΠΟΥΣΙΑ,,διδαχή,
16547,Όπου δυό κι εμείς τρείς,"Νάξος, Απείρανθος",http://hdl.handle.net/20.500.11853/188156,"Ζευγώλη – Γλέζου, Διαλεχτή",Νάξος,37.06001045,25.47075671,,Δεν γνωρίζω,,
118909,Αυτά τ' ακούω γω βερεσέ,Νάξος,http://hdl.handle.net/20.500.11853/159422,"Χριστοβασίλης, Χ.",Νάξος,37.06001045,25.47075671,"ειρωνία, απαξίωση",,εμπαιγμός,
6007,"Ήλιος και φεγγάρι, παντρεύγουντ' οι γαϊδάροι",Κρήτη,http://hdl.handle.net/20.500.11853/248249,"Βλαστός, Παύλος Γ.",Κρήτη,35.3084952,24.46334232,ειρωνία,,εμπαιγμός,
68784,Απ' τα ίδια πάστα είνι,Αιτωλία,http://hdl.handle.net/20.500.11853/250760,"Λουκόπουλος, Δημήτριος",Αιτωλία,37.4204248,24.9479564,ειρωνία,,,
65163,"Άμα π'λαλήσ'ς, πέφτ'ς κάτου","Λέσβος, Αγιάσσος",http://hdl.handle.net/20.500.11853/201805,"Λουκάτος, Δημήτριος Σ.",Λέσβος,39.17584185,25.99891345,ΑΠΟΥΣΙΑ,,διδαχή,
56266,"Αλλού ταβκά τζ' οι όρνιθες, τζ΄ αλλού τα κουκουτάσματα",Κύπρος,http://hdl.handle.net/20.500.11853/194291,"Κυριαζής, Νίκος Γ.",Κύπρος,34.9823018,33.1451285,ειρωνία,,εμπαιγμός,